{
  "extends": ["tslint:recommended", "tslint-react", "tslint-config-prettier"],
  "linterOptions": {
    "exclude": [
      "config/**/*.js",
      "node_modules/**/*.ts",
      "public/**/*.js",
      "*.json",
      "**/*.json"
    ]
  },
  "rules": {
    "no-console": false,
    "no-reference": false,
    "ordered-imports": false,
    "object-literal-sort-keys": false,
    "jsdoc-format": false,
    "member-ordering": false,
    "jsx-no-lambda": false
  },
  "jsRules": {
    "no-console": false,
    "noUnusedLocals": true
  }
}
